gain,alpha
0.21,-0.10072454445828191
0.2175421322647177,-0.1043391969312207
0.2253551395727615,-0.10808345599319488
0.23344875037843613,-0.11196196038069593
0.24183304253266102,-0.11597951420044908
0.2505184558315201,-0.12014109277246623
0.2595158050154923,-0.12445184867517146
0.2688362932355472,-0.12891711799921213
0.2784915260028753,-0.1335424268167283
0.2884935256396217,-0.13833349787303034
0.29885474624861574,-0.1432962575078402
0.30958808922073816,-0.14843684281339342
0.3207069192992334,-0.1537616090369089
0.3322250812209713,-0.15927713723508727
0.34415691695537665,-0.1649902421884835
0.35651728356249524,-0.17090798058375983
0.36932157169242946,-0.1770376594719934
0.38258572474918046,-0.18338684501136288
0.3963262587427575,-0.18996337150269407
0.41056028285427465,-0.1967753507264746
0.42530552073964045,-0.2038311815900622
0.440580332598369,-0.21113956009394813
0.45640373803498896,-0.21870948962599557
0.4727954397415196,-0.2265502915926622
0.4897758480305,-0.23467161639625178
0.5073661062491205,-0.24308345476725915
0.5255881171060998,-0.2517961494608497
0.5444645699440908,-0.2608204073264596
0.5640189689915716,-0.2701673117593986
0.5842756626294007,-0.27984833554317756
0.6052598737084791,-0.28987535409106757
0.626997730956268,-0.30026065909511
0.6495163015112682,-0.3110169725904402
0.6728436246259739,-0.3221574614422864
0.697008746580265,-0.3336957522625079
0.72204175684871,-0.3456459467617674
0.747973825566815,-0.3580226375426726
0.7748372423428711,-0.3708409243381781
0.8026654564637237,-0.38411643069839574
0.8314931185445301,-0.3978653211275447
0.8613561236743654,-0.41210431867116115
0.8922916561113967,-0.4268507229517532
0.9243382355832829,-0.4421224286488231
0.957535765250449,-0.4579379444166245
0.9919255813919563,-0.47431641222986626
1.0275505048758375,-0.4912776271441429
1.045875368768027,-0.49999999999999956
1.064454894477985,-0.5088420574536128
1.1026847021159807,-0.5270308652237579
1.1422875300666449,-0.5458659271714021
1.183312690238551,-0.5653698558577083
1.2258112655733036,-0.5855660211523703
1.2698361736520405,-0.6064785719183942
1.3154422325863582,-0.6281324578567793
1.3626862292757,-0.6505534514384517
1.411626990116208,-0.6737681698370801
1.4623254542490733,-0.6978040967602621
1.5148447494395967,-0.7226896040577558
1.5692502706814369,-0.7484539729634578
1.6256097616239293,-0.7751274148020457
1.6839933989238525,-0.8027410909609815
1.744473879626686,-0.8313271318930112
1.8071265116861606,-0.8609186548724581
1.872029307734803,-0.8915497801791443
1.939263082222249,-0.923255645325308
2.008911552042269,-0.9560724168715262
2.081061440773803,-0.9900372992950865
2.155802586665802,-1.0251885402759893
2.233228054500345,-1.0615654316479466
2.313434251473296,-1.0992083051207562
2.396521047236818,-1.1381585217104566
2.4825918982531983,-1.1784584536087186
2.571753976614827,-1.220151456974372
2.664118303490744,-1.2632818338278886
2.759799887365899,-1.307894780860892
2.8589178672452626,-1.3540363225206953
2.961595661001111,-1.401753225173989
3.06796111904818,-1.451092888466364
3.178146683538049,-1.5021032091414686
3.29228955327099,-1.55483241151996
3.4105318545306007,-1.6093288375056656
3.533020818053946,-1.665640687308719
3.6599089623575827,-1.7238156999524081
3.79135428364771,-1.7839007599305612
3.927520452550923,-1.845941412930464
4.068577017910554,-1.909981269100131
4.214699617902327,-1.9760612666074906
4.366070198732205,-2.0442187607961797
4.522877241188777,-2.114486394529173
4.685315995332241,-2.186890692575629
4.853588723612206,-2.261450306129863
5.0,-2.325928543108266
5.027904952717089,-2.3381738114089377
5.20848173446862,-2.4170569369788053
5.25,-2.4351027832571677
5.395543916086373,-2.4980790557086205
5.5,-2.5429916058352022
5.58932442015883,-2.581198726173998
5.75,-2.6494357341360395
5.7900645346695665,-2.666348001576275
5.998014213439702,-2.7534251384751993
6.0,-2.754250742352036
6.213432387360743,-2.8422852308889155
6.25,-2.8572227596726423
6.436587286805293,-2.932728170366696
6.44533,-2.936235584410994
6.4797082535399255,-2.950000000000003
6.5,-2.958103632306086
6.667756775617128,-3.0244832044820127
6.75,-3.0566056654406113
6.9072286970965155,-3.1171892779059243
7.0,-3.152396242455427
7.155301232411544,-3.210370394685391
7.25,-3.2450929078366393
7.4122832718817575,-3.303405659091152
7.5,-3.334259945893338
7.678494799596453,-3.3954948714490367
7.75,-3.419408117635893
7.95426729184647,-3.4856233402582597
8.0,-3.5000000000000027
8.239944129865629,-3.572535020231724
8.25,-3.5754641227533015
8.5,-3.645221367339648
8.535881027395773,-3.6547320780077617
8.75,-3.7087260894398697
8.842446473607742,-3.7305301430577695
9.0,-3.765521227489631
9.160022191929816,-3.798203889046439
9.25,-3.8153009489160254
9.489003615354974,-3.856239405858094
9.5,-3.8579676651726684
9.75,-3.893666378350794
9.829800378818746,-3.9036510470782835
10.0,-3.9227826549840588
10.182836829260756,-3.9402408656391756
10.25,-3.9459017233243143
10.5,-3.9637398579752974
10.548552554005148,-3.966657013529739
10.75,-3.97706737503357
10.927402928117687,-3.9842055212704013
11.0,-3.986641340336316
11.25,-3.993158264943575
11.319859681421145,-3.994518053250925
11.5,-3.9972283715467922
11.72641148587506,-3.9992359122064283
11.75,-3.999367396640637
12.0,-4.0
12.147564564051132,-3.999808501997129
12.25,-3.9994694152873156
12.5,-3.998049491509903
12.583843319461943,-3.997413332051708
12.75,-3.995956793006412
13.0,-3.993361568552534
13.035790989527968,-3.992957095236928
13.25,-3.9903971294024725
13.5,-3.9871675838168956
13.503970321995757,-3.987114622091176
13.75,-3.9837540726187015
13.98896427564963,-3.9803775721808377
14.0,-3.980219724348076
14.25,-3.976613558024999
14.491376746189434,-3.97309931923811
14.5,-3.9729735411922675
14.75,-3.969328979873384
15.0,-3.9657023848934063
15.01183331817808,-3.965531480600485
15.25,-3.962110929903829
15.5,-3.958567591861443
15.550982043995194,-3.95785183518168
15.75,-3.9550820447226243
16.0,-3.951661361244157
16.10949425076691,-3.9501849540541434
16.25,-3.948310565360802
16.5,-3.9450330679752232
16.688065376276406,-3.9426171773173344
16.75,-3.94183101155962
17.0,-3.9387055432443434
17.25,-3.935657031665965
17.287415834896077,-3.9352073940221306
17.5,-3.932685239458841
17.75,-3.929789460663484
17.9082919146197,-3.9279947776070165
18.0,-3.926968630309038
18.25,-3.9242214118668053
18.5,-3.9215462670607817
18.551466706311302,-3.9210043379333266
18.75,-3.918941511578317
19.0,-3.9164053594879844
19.217741066327992,-3.9142509146269133
19.25,-3.9139359585951023
19.5,-3.911531418512229
19.75,-3.9091898328648123
19.907944613715333,-3.907742058200334
20.0,-3.9069092967697143
20.25,-3.904687920500367
20.5,-3.9025238400740005
20.622936763216835,-3.9014801159119212
20.75,-3.9004152253543145
21.0,-3.89836028614917
21.25,-3.896357276691572
21.36360779538394,-3.8954637469811706
21.5,-3.8944044988188766
21.75,-3.892500304105966
22.0,-3.890643095160361
22.13087996511887,-3.8896890265524435
22.25,-3.8888313262483805
22.5,-3.8870635033902596
22.75,-3.8853381840363426
22.92570865003086,-3.884150251876134
23.0,-3.8836539764158386
23.25,-3.8820095386326
23.5,-3.8804035775684493
23.749083540035222,-3.8788405318358925
23.75,-3.8788348476433714
24.0,-3.8773021494724396
24.25,-3.8758043284519132
24.5,-3.8743402733005174
24.60202986967699,-3.87375221811681
24.75,-3.87290891457694
25.0,-3.8715092231902815
25.25,-3.8701402089168266
25.48560969471337,-3.8688772201251425
25.5,-3.8688009189335553
25.75,-3.867490436376665
26.0,-3.8662078789312595
26.25,-3.864952397457016
26.400923214544328,-3.8642072342422544
26.5,-3.8637231746532326
26.75,-3.862519423765657
27.0,-3.8613403873367083
27.25,-3.860185335999948
27.349110142138347,-3.85973390974178
27.5,-3.8590535673191777
27.75,-3.8579444046720646
28.0,-3.8568571961778835
28.25,-3.855791313668626
28.331351123159017,-3.8554489677556774
28.5,-3.854746151702635
28.75,-3.853721126619627
29.0,-3.8527156756359657
29.25,-3.8517292559788867
29.348869206059135,-3.8513442853717317
29.5,-3.850761344058367
29.75,-3.8498114346752366
30.0,-3.8488790402642326
30.25,-3.8479636901705314
30.402931364973384,-3.847411953811906
30.5,-3.8470649299584645
30.75,-3.8461823207510215
31.0,-3.787357590667028
31.25,-3.750000000000006
31.494850077305596,-3.72420508795413
31.5,-3.7237232027188902
31.75,-3.70236626732517
32.0,-3.6839943820237044
32.25,-3.6676937949686024
32.5,-3.6529450974169375
32.625984957974616,-3.6459917677358242
32.75,-3.639418699079207
33.0,-3.626889462665335
33.25,-3.6151952198516732
33.5,-3.6042143777485802
33.75,-3.5938528557945517
33.79774445235427,-3.591938003079846
34.0,-3.584035995605603
34.25,-3.5747033059377906
34.5,-3.5658049136279057
34.75,-3.5572990876148163
35.0,-3.5491504634597653
35.01158759001516,-3.5487809150871676
35.25,-3.5413287398019095
35.5,-3.5338077015170493
35.75,-3.52656447445229
36.0,-3.519578947754588
36.25,-3.512833319741765
36.26902580145156,-3.512329318309764
36.5,-3.5063117363521012
36.75,-3.500000000000001
37.0,-3.4938853326935644
37.25,-3.4879561814808513
37.5,-3.482202057281798
37.57162480005632,-3.480584397018013
37.75,-3.476613400319647
38.0,-3.471181466942838
38.25,-3.4658982337959214
38.5,-3.4607563161742174
38.75,-3.4557488980592854
38.92100653168667,-3.4523978900632826
39.0,-3.4508696718405725
39.25,-3.4461127861203114
39.5,-3.441472800304626
39.75,-3.436944644923598
40.0,-3.4325235868135584
40.31885119424821,-3.4270333661616466
41.76689932981242,-3.403982514188198
43.2669539918724,-3.3828755145645806
44.82088299043506,-3.363432441713744
46.43062121774596,-3.345434778753617
48.09817305754238,-3.328707686398152
49.82561488083413,-3.3131084243807134
51.61509763132045,-3.29851848883907
53.468849503662064,-3.2848380962370527
55.38917871794257,-3.27198220533875
57.378476393774946,-3.259877579764412
59.4392195276313,-3.248460574032043
61.57397407710267,-3.2376754347056376
63.78539815593027,-3.2274729760197087
66.07624534378603,-3.2178095328197567
68.44936811492303,-3.208646122278787
70.90772138996631,-3.199947765130837
73.45436621526574,-3.191682930421441
76.09247357439216,-3.183823077063397
78.82532833652353,-3.176342272103332
81.65633334663715,-3.169216870391033
84.58901366260011,-3.1624252438550293
87.62702094443499,-3.155947551196884
90.77413800122604,-3.1497655407782386
94.03428350132597,-3.143862380966039
97.41151685173047,-3.1382225133461854
100.91004325269496,-3.1328315251036325
104.53421893388644,-3.1276760375609047
108.28855657859256,-3.1227436084142393
112.17773094274072,-3.1180226456414926
116.20658467572201,-3.113502331403603
120.3801343502716,-3.1091725545420204
124.70357670891084,-3.1050238505015293
129.1822951347298,-3.101047347693577
133.8218663545673,-3.097234719466999
138.62806738293648,-3.093578140978855
143.60688271533795,-3.0900702503617477
148.7645117799231,-3.086704113670851
154.10737665678187,-3.0834731931663115
159.64213007446816,-3.0803713185476225
165.3756636937198,-3.077392660807928
171.31511668868887,-3.074531708419988
177.46788463636338,-3.0717832456023477
183.84162872525442,-3.0691423324461633
190.44428529481158,-3.066604286709967
197.2840757174454,-3.0641646671132263
204.36951663546193,-3.0618192579793906
211.70943056565758,-3.0595640550966574
219.31295688477312,-3.0573952526796804
227.18956320949357,-3.055309231328493
235.34905718515762,-3.0533025468925064
243.801598697858,-3.051371920157216
252.55771252513784,-3.04951422728019
261.62830144103856,-3.047726490910449
271.0246597918088,-3.0460058719322856
280.7584875591895,-3.0443496617803625
290.8419049287777,-3.0427552752783917
301.28746738161243,-3.041220243958225
312.1081813277735,-3.0397422098204676
323.3175203014619,-3.03831891950136
334.9294417377199,-3.0369482188139987
346.9584043516911,-3.0356280476348942
359.4193861420524,-3.034356435109534
372.3279030410382,-3.0331314951529134
385.7000282342779,-3.031951422223235
399.5524121745079,-3.030814487348704
413.90230331406576,-3.0297190343892804
428.76756958199906,-3.028663476516615
444.16672063251815,-3.027646292896844
460.1189308925009,-3.0266660255622786
476.64406343674636,-3.0257212764589743
493.76269472071044,-3.0248107046584707
511.49614020150585,-3.0239330237225603
529.8664808790885,-3.023086999211292
548.8965907906629,-3.022271446324631
568.6101654925477,-3.0214852276694675
589.0317515649648,-3.0207272511438426
610.186777176495,-3.0199964679311453
632.1015837462423,-3.0192918705974963
654.8034587431553,-3.018612491285955
678.3206696633245,-3.0179574000017286
702.6824992275754,-3.017325702983002
727.9192818431776,-3.0167165411522348
754.0624413750804,-3.0161290886433125
781.1445302736843,-3.0155625514001594
809.1992701078983,-3.0150161658426597
838.2615935539308,-3.0144891975962103
868.367687892106,-3.0139809402812823
899.5550400658631,-3.013490714359588
931.8624833590545,-3.0130178660339704
965.330245749637,-3.0125617661988566
1000.0,-3.012121809438783
