gain,height_error_pct,correction_error_pct,time_error_pct,sensitivity_error_pct,projection_error_pct,R_G,R_t,R_D
10,38.4703649668489146131128773211660273635235037225148551156511909506242112675348339152724889656418309,448.8540440050090010072331019925685669638728117178692913320673298059479553002229248875577368223454703,74.21768649215127744063693273797094800269471022820580602390950665448193120861548667463129845805422785,879.7227437875351904621081778950477249168379539972788336677097181931329687931822364051915412021936825,47.04116108212678060675661809944285175473440468609710562262430686406257108884721498349768840013346476,-579.9815927431983663497092342802394850190487485176053456504971606429078966643100221512121229388611905,28.78627880680984111589698764464134239611111001361710155507641316951155513346331130164126655904200357,1058.236137817941803658795674860579691650678518716236542089980691516862745053151067800296126183706415
25,5.806520543496653847399542176879024875560930456644173605241772060554517707863290199246047649149869765,21.98517463055912948740640516841171182610294681533583928315976959350778226022892202195777243755344002,27.78019958603691978022423381323610090205173273024853546782093936760689755534701279680912746601858238,92.75364441271609006311242040810014101673992213814638427067840586097158772018590213817801742262249127,32.21759364648515510243947825046931582716667525010720752730619567846003582035643781208428980312929985,-32.01778441242193730511961975366102747784153954412397348985135760563715136774909338877967217106255344,9.616545402646202821841931727312371733943018410690001967423243933867579693945273337957571244942325089,67.15759011406099734078310829243086463997323931241564645130911130436681055884272944549325026127818316
30,3.840127696001533594242231943423072550054277266129246999930931933026250934544118799404566555292138905,15.19696536877558473415768258710609125620257712631073950276318860800728992458434749185457631683059694,23.04333565732580084187479407186800521303983204637320893425631360224005295336077754308870015730176603,64.7766063115353491042961735801504886376878858990966905575492294446587109847237668318940269912965035,29.10917057933694263477775289225802200297254562713019649083745217458334044017034569388078288195251441,-23.47499677656864568400645128720977994375489587647506537624708432469515614256455128722585826519622222,8.982978610423380928711298724134113465240685107865052717209632856960083300188539941981772939598784474,51.16862941097751685928725018297649014586367090784478143089330780088725985227414490917092375401080133
50,1.09363599510584397223825666734964973981278413207432231169018715897648840291603818665646793467491505,5.411120799654498276290548088537497560267921032019824903174108160613138941931527542243411241431093357,13.76347101540794322318262411767614879992232626549582158028436368834647339934286588565816384007920598,24.52251890327749802565766682857772586047076647082994118210139568113198283146157299691194508398218984,21.3045319554339328620356198796275297000318950102714059801229708285684885880812500435235963777250903,-10.49277105704730952867861655113455486645028590735383103598565634925772375224673281650147705816542123,7.980070149777869989919504830956956870097281526336038495590267504821029422836713506562795547880622423,26.59537867326280060378349239398863251316896417451478909023717665167264429728453435277431727116565936
75,0.3365381368161317973089560556173932331947301194682162327594490881575016051492395604945432762188884477,2.111040399025478754612439981248874401615817647556416954430903459298959164379179672492900075546916698,9.188758757584408156418498128757534463248396108747573306222207124715076467676672168909721288954213891,11.16349722795308208231084617276299941760509224876979507770344011155501844169163729024909283383402505,16.27835227601915998169081520074304172501294861129865124856152303382575026010739253221583358625050451,-5.130488726442451931892187992718005814594553777923917051136737102863579259348155469467537342267566159,7.588894253511680561969180433338854344964494447627289417681197693045174308426036874286905411430934825,16.24222224916401482677035084180296866940078550157704012939983799450048309837901219773929471784485476
100,0.1138687941826810452387215556660011711361551328923493178721957863082718262812899103169571382620400893,0.8611057512792193631485375921011511801063215563032899881187335608410513849768431083514098249808511176,6.907424201143553903181052622484797076611011904886950968825183728793574909051063533459408404171466422,6.098834160784886023668444181833325020233328978638973288140800320170164151981252148708240489241853407,13.33742397466112598343704870886699518877116609472796904901401348962494017042438406124340376025415241,-2.498304486559471043732533592901208752908775301958305982317095841454900308291711532259374562606363125,7.419951743593719587420707261715391193431566447932699070383680601599533715079618105719135582543048538,11.06879196787972870408894891292348355165233959728576839250294542448020132585967919291035735777159823
125,0.02925070739410623608007305267297552345013593023179054826800555622352242455611636952684088693601990123,0.2576340817488364123008410257714047300736034815513426424686908573639964159662640546762840092583776366,5.53788090532416297263220956239118371276408367173840432492476597753678863661096398784298652279656071,3.60790221571333639764557197877042167729772526704041213493214493609487974703367497300800394594415674,11.38283684613420909197749581644854308915954385311818819163745457493577721120875856878149536936314823,-0.8641235538179548333207851118775470185146412678132378445549407836539642537789620685876661449535034459,7.328176837444426750678821250201599274929791130024263165997912952894012859380870451437639481412179803,7.811000570682661751762719903340253037107069338590337740548216804825299339993685228826773743346837211
140,0.003933890299042632171055896471955865614085482386609239674189910194615659204026828897632082866057962355,0.03751394837520599679117360383153002659857722140753905188063546564059941500234564176465613426771262007,4.950314960628150512369001400369700031058810773671231760603604792011100155226771344156470458158174514,2.676115071509348707312983801612155545541519106005443797937407125559787596858585023890952867973078345,10.49040750725014121643920854688358910076579075200632822000616335110956482521065659219948862197281894,-0.1357407643721806700071872687989534675277733122845669578865475587563554547507092754163140082858082442,7.291387595875416701810991296839022319686995268575088506074789954837075308652444429323512435400493567,6.344814394504226061402880188005238113406650394074418907929369625310889785387835673275025309344690435
150,0.007361444862477670440558970263665986106134672496564111837089038141750961164722026780090252985276283697,0.07372125978768303687315391874286193938103583703952942565129898420074764301670590002344159253338893368,4.623649186894221922429810224735953677536337242029288167242222631643739970225212233391251818405712454,2.195925961339672785907432686652109358037101252382185992776298860836525879644804360721572645955910675,9.978150039448296693331923873816849763653424783583695110709526377802135458968945559329108765362347016,0.279547310354798871069544710029891046764991571458964475492747530698344893388075997263131827278567903,7.271691274844121172517758195058615992192269497321571562069305990567475793786602534131145559550881339,5.504465941234072571578599224354303259195542481078185434900066923680630986545593643995093789595334416
160,0.01565060519659910848272041707253422789916302193757146383074779555094635521440508628937403046822480728,0.1641379920689295518854213325285843762922587821906258812846803764816645773956878678759046580616629036,4.337646850918742447381519051969518019924027893275467177921271884200855640480124280609831389105963189,1.798657661745592821045543550451827357443783188882135503436883644981314301970132865692073696680219779,9.519378426976924556104562066557016058527745698889690765150792737174909037558660927796252460884567791,0.6505652419934559671260015359520602508779758274148509705923015215811687587247956029211790013550150509,7.25492812272164143392796457428011957604468148224845533063284384326322618074203452465131372941905895,4.750815876140189561503179162571698959688991910606287716067205956503065927047441826493407744822449321
175,0.02416053653325121437150812084080470316778983040031885300815778452458842233088245126901014789062540748,0.2703118633485579809849325228116543895349154836350283355370121896301525410614815821788621577102038385,3.969660152280542124075164228705225496105908332729390165877476911213415344862378518182437170293371555,1.320571845087771017293343935972386033170449516740493438184070026058844261298167109372563237561641006,8.913862469174427195156769516036017879279110762109831966471329372049286855533045075249493460322870084,1.140039863120318867938971419337721130871760466331744467608483717391388740817936633844893653747757331,7.234073395457138755717370282112017310810718406438149496623316911490980821784807314308080744358417052,3.752153384222444115461059469653099092013754997177777607493031235303257188653201119809181479091421771
200,0.0318452913899345817280522473404139709743923724701029351313382791971775554731246800901318718844775627,0.3927648159092291506982552830626694518083842625577485284722167785478597988848857053035926357938772902,3.478455168655494744094565631153309733741128348332694314814207931117287268895506551830939884906856647,0.7435375331633777378109157181237918190775127511016939685794888215656265234786782060316213179262341643,8.076134369724686165680929450687724623161753950072904593032187386507408792210000864578593935539300549,1.819555280347316273500439466350587847296913553627425868105179258444731218284860037115310111803751301,7.207624317935486777484651689988464547259781570142247109526117768117331978709127445008739962066894648,2.356940541692071695152984483001818886721634883233359099375292395944757712212196264905443866002770781
300,0.0345564312456107826204361060134294598356133560402875640592847660577652694368804434509481402359886507,0.5770415500576703287258738117137096216299099056147210147429270294638971715242906002302691499334580492,2.329006804894108796545130010707730874574612835585967273582643176276640400171028223800212336336754093,0.2985240444755360694641788705656997483693349113901100591825328760813272290486997058806702123457195493,5.953995215019231879076359107530251370980382642991246421510709109658807177874176394669369804121779403,3.58649771567708461513450221052457774069290923330122123036058126455299805654517192676792301772868442,7.153628919002773867392700048373624285259202497711936135551670099052440326382163319869588770241682024,-1.324700338139434939044218738769090206718569989231792471739987094930571635822941864976728140234056317
400,0.0288557521022149792739401038620703965400888053482959917521812368937057164841814551094794849307465567,0.6006351886597545229822343004221961597061442132438929723408973837237162372797189073018094473883519765,1.751883752380840141894337904844900062853628660538060424675109287338105193242368785040139632564159412,0.6266825254700837374862493540636994317172944101000121336750760847979973940123814600913101300769616635,4.775350302924819589422170860112791952324228147331337162626068903322299400066997831185530491974526599,4.630501961865509799667030246738190740977716411778304057313495732289170446094250284333421675234441984,7.132487906294258036490510649556553409047418088632691267183841116857704607260118259276150520876512166,-3.541045601169544034509326945537242276889835148814914352186679516429121361115137583214116696422505057
600,0.01955720876931432638397868838469543492894335196588531091749320572772528302636188469499276492917861476,0.5588008003384030415660128416773201638855009614200828129118011093538707221155066709040401401875925362,1.17243989724117331998931751095957335095976644417888673702461208094129166722022808368369846013335774,0.7838757909367291777413367493237303286140740610377947840762857405708144770379718235033976979489402991,3.480296183972914398519008824454908863709938740052302465500447543773133816596689084032367286652179402,5.883682299628354692399163141577415750712219453762093338804791488399960632218492711612450744930433287,7.118094766411888805106390367130922088826692127912541470176625309931620470116133974345924852768016336,-6.246625432725935390367887241600939325791673070786554139872012743804807536809188110034293321314708097
1000,0.01061132120425122720424409889522553673958246527920149562696636375225035450737434723184675323692753354,0.4558285839942029308686390565741326842270469860476188829701244652888275503374747163309448526245649995,0.7065389071707995563528796000186354848033327637318592512474462294399831606717217096495858610182403492,0.7389361156548538530001497374673704365781631466690480857243819522088838399979148627068389689218461062,2.317307895986871278309123350356048089835196279037175272900924796467777330618254344148890537263740961,7.18842683076965115484841094769730307000396720675133811107599117750904655048522968990001848551145477,7.115664006416879315059447676262145584209897630235866241066437364534456877001072613558053220637207686,-9.120049432183952317929113956351951822081243237232293559838199931703911260522856220616061705461284535
3000,0.002257726966188173644408477074540451400476485151788146620144295605517652823073940682406527959625638162,0.2392965088730515846718736974184242817575452660397461569907649359200994972034739979756904527947034945,0.2373059209143332274212127773251031580938886298403251510927284319755081867232577450121296765733860288,0.43351154623972282123535777709747629812814903351736563167124808802847952700132309881782957007996266,0.9412273981703064250402076911658056904683131416876505229790345225303372351554692060846971657890776947,9.294583864228026549125039357689411711381524098427022775547069472931954444901354042710216795682268027,7.13611204383309359221261751497154751419364737052069375551719335872684530139113211509044368266164925,-13.88720690926783367055800128800661447429705053466032776111928518644167364969322082288548395465890028
10000,0.0003422084051986643185201671566552734300058427170355363435231968127527130371892498915626645569224462384,0.1007940217083206388301942524641815313391105550342185345353310406329670750720929983419843218383256443,0.07162552362068695491575733270245658983609868831025786454834359591650449417332839219219930135937607213,0.1904909264732874527121970287053948848886830336824373829503221131090694647777347840456657553713695231,0.3391703930355420429959556420056881768681681555468692866826665669777460522768190044259652160583958094,10.90921595836750519547275398788484791904719134038132842679402890517113892081543225590085282370325853,7.167686254880241471106407588166221780954775499842699777728802712001838219552581842111043843974503342,-17.65048443892955355764441183573091612778041503900089698294227662440040728824188559848553038443974669
100000,0.000007038972239350644449573713323651063816154825816119247677293102667661204052971866903577724556509601278,0.01566261967074161842324900415748770147802522789365606975162451466514768060022846463104675900941631191,0.00721694541249324291173064165114289881133781651549893697445217534485609514572905297885051332154387945,0.03049269870217097330592020253285014237900433463238404951312694589996406522434154720911754425610880206,0.0449341802319766455441530701696791572574772224384979045409967469191207290124897966660051136440305648,12.90321740027586483371434921938536577510425681022138144784346692813369101373023519772536143573936716,7.217466293095780733791971874026489786379781308255196433791511525787160444565972610219333908161622101,-22.42169149478709999833681555277776941938751754644314625653981436949364796292930244357505556722604649
1000000,0.0000001191009828205032472934614926450999207606070081232326166611682625278133899335380198907921387426400824,0.002126472576163317511805101491332261474395797786108753833908029553701943745507336037507184563974776055,0.0007250535807527648372388567110952955623133550270611328845501841583179616012946161509103442058147293295,0.004186666766905163175030162404316053576679982398815187143128008797069485713397645235731469710405608221,0.005600751756961224967896851545530363025033177920026005868062849141782480690230634614584164288948988008,14.14053586782505534066120671809601434616223168624743661371844053383205201704139767836667332197674854,7.250588378178309998043795278836354000621235317638721000658129528344937954888268799445186161863490235,-25.44625751770544854518306721224928553698051543368709084257444547798544725646432183792321562127993102
10000000,0.000000001803094081878907988307827192456452556572574628761055140754936644175147479936250327058640103146283638,0.000268755260858262531455699688451760331987942894712077672856105820679108351543758572577827373168855619,0.00007273191271456282849191777049369616769022941742073384810103142361048111688540473864498784237894534183,0.0005320234354576578625506652499165275726088734978088214888771542917110699106829365853803637389466996374,0.0006709037918776320310730375327396895604252505432403024976222747661627811883402169117429479752550062807,14.98251191589580385068843022514155079033668177532110235597941149644791853417927495237392272786077086,7.273196561391257438866184033248053931671293095360720095845153750683148477169427091697305234864749447,-27.53083650878925751051251986474341229049952962575458258437718553844425654629532917794595757241955309
100000000,0.00000000002540004857130282478005984043626800470650728232431421798671360355750964831115929814750843426345474641,0.00003249138910518857941757016548246940280136686227012214138714532725484404769892464420245041565205981499,0.000007289485921681450942063548409996173966771383424512668341841889104194350304802866043885932582244398963,0.00006451508463458970033241732005799266874971036658730789915411567377955775299462025119815908337664876887,0.00007817468264050937446047864746018124630910167353209676992287068616260484574802323697449932412754341596,15.59248987087508649254921873855559671080629535306342011224125749294378356897299454801605043540441959,7.289486453047539699840504372642599396128341448121631562299239788548411255378915599081827096987304791,-29.05398326203356933602604053012449367642780730496854250133164652628166730164457563318658762948252142
