time,fast_time,norm_witness
0.0,0.00,1.0
1e-09,1.00E-8,1.0000000017649644
1.138282345254033e-09,1.13828234525403300E-8,1.0000000020090278
1.2956866975170216e-09,1.295686697517021600E-8,1.0000000022868407
1.4748572927641222e-09,1.474857292764122200E-8,1.0000000026030702
1.6788040181225589e-09,1.678804018122558900E-8,1.0000000029630294
1.9109529749704403e-09,1.910952974970440300E-8,1.0000000033727638
2.1752040340195246e-09,2.175204034019524600E-8,1.0000000038391577
2.4759963492497776e-09,2.475996349249777600E-8,1.0000000043700454
2.8183829312644493e-09,2.818382931264449300E-8,1.0000000049743456
3.208115532823633e-09,3.20811553282363300E-8,1.0000000056622096
3.651741272548377e-09,3.65174127254837700E-8,1.0000000064451933
4.156712619977313e-09,4.15671261997731300E-8,1.0000000073364497
4.731512589614813e-09,4.73151258961481300E-8,1.0000000083509513
5.38579724710571e-09,5.3857972471057100E-8,1.0000000095057402
6.130557921498202e-09,6.13055792149820200E-8,1.0000000108202163
6.978305848598663e-09,6.97830584859866300E-8,1.0000000123164616
7.943282347242822e-09,7.94328234724282200E-8,1.0000000140196108
9.041698059234518e-09,9.04169805923451800E-8,1.0000000159582754
1.0292005271944286e-08,1.029200527194428600E-7,1.0000000181650233
1.171520789831559e-08,1.17152078983155900E-7,1.0000000206769253
1.333521432163324e-08,1.33352143216332400E-7,1.000000023536179
1.5179239032493855e-08,1.517923903249385500E-7,1.0000000267908173
1.7278259805078625e-08,1.727825980507862500E-7,1.0000000304955148
1.966753809283339e-08,1.96675380928333900E-7,1.0000000347125062
2.2387211385683378e-08,2.238721138568337800E-7,1.0000000395126325
2.5482967479793465e-08,2.548296747979346500E-7,1.0000000449765325
2.900681198693156e-08,2.90068119869315600E-7,1.0000000511959928
3.301794197682718e-08,3.30179419768271800E-7,1.0000000582754949
3.7583740428844434e-08,3.758374042884443400E-7,1.0000000663339672
4.278090819876377e-08,4.27809081987637700E-7,1.0000000755067844
4.869675251658631e-08,4.86967525165863100E-7,1.0000000859480396
5.54306536608351e-08,5.5430653660835100E-7,1.0000000978331371
6.30957344480193e-08,6.3095734448019300E-7,1.0000001113617332
7.182076058301709e-08,7.18207605830170900E-7,1.0000001267610958
8.175230379436493e-08,8.17523037943649300E-7,1.000000144289919
9.30572040929699e-08,9.3057204092969900E-7,1.000000164242669
1.0592537251772897e-07,0.000001059253725177289700,1.0000001869545325
1.2057298145138763e-07,0.000001205729814513876300,1.0000002128070464
1.3724609610075625e-07,0.000001372460961007562500,1.000000242234508
1.562248081465289e-07,0.00000156224808146528900,1.000000275731268
1.7782794100389227e-07,0.000001778279410038922700,1.0000003138600402
2.0241840573760632e-07,0.000002024184057376063200,1.0000003572613507
2.3040929760558494e-07,0.000002304092976055849400,1.0000004066642982
2.622708356468191e-07,0.00000262270835646819100,1.000000462898804
2.9853826189179574e-07,0.000002985382618917957400,1.0000005269095529
3.398208328942559e-07,0.00000339820832894255900,1.000000599771864
3.868120546330525e-07,0.00000386812054633052500,1.0000006827097523
4.4030133272024213e-07,0.000004403013327202421300,1.0000007771164943
5.011872336272725e-07,0.00000501187233627272500,1.000000884578033
5.704925797046315e-07,0.00000570492579704631500,1.0000010068996201
6.493816315762114e-07,0.00000649381631576211400,1.00000114613614
7.391796465554602e-07,0.00000739179646555460200,1.0000013046266376
8.413951416451965e-07,0.00000841395141645196500,1.0000014850336023
9.577452351172415e-07,0.00000957745235117241500,1.0000016903877051
1.0901844923851266e-06,0.00001090184492385126600,1.0000019241387061
1.2409377607517195e-06,0.00001240937760751719500,1.0000021902134104
1.4125375446227554e-06,0.00001412537544622755400,1.0000024930816351
1.6078665490525633e-06,0.00001607866549052563300,1.0000028378312997
1.8302061063110567e-06,0.00001830206106311056700,1.0000032302539006
2.0832912989899973e-06,0.00002083291298989997300,1.0000036769418073
2.3713737056616552e-06,0.00002371373705661655200,1.0000041853990078
2.699292823154296e-06,0.0000269929282315429600,1.000004764167176
3.0725573652674518e-06,0.00003072557365267451800,1.0000054229691726
3.4974378036641803e-06,0.00003497437803664180300,1.0000061728723815
3.981071705534969e-06,0.0000398107170553496900,1.0000070264746492
4.531583637600818e-06,0.0000453158363760081800,1.0000079981159264
5.158221650723061e-06,0.0000515822165072306100,1.0000091041191865
5.8715126379251756e-06,0.00005871512637925175600,1.0000103630646595
6.683439175686149e-06,0.0000668343917568614900,1.0000117961019908
7.607640819262695e-06,0.0000760764081926269500,1.0000134273055825
8.659643233600654e-06,0.0000865964323360065400,1.0000152840790668
9.85711900900617e-06,0.000098571190090061700,1.000017397615733
1.122018454301963e-05,0.000112201845430196300,1.0000198034226344
1.2771737975811435e-05,0.0001277173797581143500,1.0000225419171886
1.4537843856076636e-05,0.0001453784385607663600,1.0000256591063013
1.6548170999431813e-05,0.0001654817099943181300,1.0000292073594335
1.883649089489802e-05,0.000188364908948980200,1.0000332462886143
2.1441245032200713e-05,0.0002144124503220071300,1.0000378437501907
2.4406190680419814e-05,0.0002440619068041981400,1.0000430769851751
2.778113596642539e-05,0.000277811359664253900,1.0000490339173727
3.1622776601683795e-05,0.0003162277660168379500,1.000055814631127
3.5995648313608984e-05,0.0003599564831360898400,1.0000635330535688
4.0973210981354134e-05,0.0004097321098135413400,1.0000723188696716
4.663908268844408e-05,0.000466390826884440800,1.000082319702387
5.30884444230989e-05,0.00053088444423098900,1.000093703594562
6.042963902381328e-05,0.000604296390238132800,1.000106661834488
6.878599123088081e-05,0.000687859912308808100,1.0001214121727
7.82978794189102e-05,0.00078297879418910200,1.0001382024842933
8.912509381337459e-05,0.000891250938133745900,1.0001573149385627
0.00010144952080687374,0.001014495208068737400,1.0001790707463716
0.00011547819846894582,0.001154781984689458200,1.0002038355654614
0.00013144679457894232,0.001314467945789423200,1.0002320256551172
0.00014962356560944327,0.001496235656094432700,1.0002641148843205
0.00017031386316718777,0.001703138631671877700,1.0003006427121142
0.00019386526359522097,0.001938652635952209700,1.0003422232754673
0.00022067340690845897,0.002206734069084589700,1.0003895557388829
0.0002511886431509582,0.00251188643150958200,1.0004434360816032
0.00028592359782705055,0.002859235978270505500,1.0005047705229382
0.000325461783498046,0.0032546178349804600,1.000574590814392
0.00037046740221071615,0.003704674022107161500,1.000654071659408
0.00042169650342858224,0.004216965034285822400,1.0007445505582409
0.000480009684908112,0.0048000968490811200,1.0008475504172913
0.000546386549881854,0.0054638654988185400,1.0009648053099685
0.0006219421634147764,0.00621942163414776400,1.0010982898305116
0.0007079457843841388,0.00707945784384138800,1.001250252544049
0.0008058421877614818,0.00805842187761481800,1.0014232541064194
0.0009172759353897803,0.00917275935389780300,1.0016202107068402
0.001044119002980564,0.0104411900298056400,1.0018444435762193
0.001188502227437019,0.0118850222743701900,1.0020997354046004
0.001352851102786652,0.0135285110278665200,1.0023903946232455
0.001539926526059492,0.0153992652605949200,1.0027213286301777
0.0017528711776018944,0.01752871177601894400,1.0030981271714932
0.001995262314968879,0.0199526231496887900,1.0035271572317954
0.0022711718672797664,0.02271171867279766400,1.0040156709304733
0.0025852348395621937,0.02585234839562193700,1.004571928056998
0.002942727176209282,0.0294272717620928200,1.005205334992506
0.0033496543915782794,0.03349654391578279400,1.0059266018314827
0.003812852456636187,0.0381285245663618700,1.0067479194966267
0.004166666666666667,0.0416666666666666700,1.0073754799790706
0.00434010263644744,0.043401026364474400,1.0076831584697403
0.004940262207658604,0.0494026220765860400,1.008748090346171
0.005623413251903491,0.0562341325190349100,1.0099606326135468
0.006401032024709314,0.0640103202470931400,1.011341115636117
0.007286181745132274,0.0728618174513227400,1.0129125684606817
0.008293732044796288,0.0829373204479628800,1.0147010162515142
0.008333333333333333,0.0833333333333333300,1.0147712972478073
0.009440608762859246,0.0944060876285924600,1.016735776172158
0.010746078283213174,0.1074607828321317400,1.019049729277091
0.012232071190499325,0.1223207119049932500,1.0216795318784384
0.0125,0.12500,1.0221531098909988
0.013923550682035836,0.1392355068203583600,1.0246657086481366
0.01584893192461114,0.158489319246111400,1.0280525382150316
0.016666666666666666,0.1666666666666666600,1.029486216066187
0.018040559400917883,0.1804055940091788300,1.031887595841365
0.02053525026457146,0.205352502645714600,1.036220751131363
0.020833333333333332,0.2083333333333333200,1.0367358827874114
0.023374912831534905,0.2337491283153490500,1.0411023244448279
0.025,0.2500,1.0438676752897458
0.026607250597988085,0.2660725059798808500,1.0465799757173164
0.029166666666666667,0.2916666666666666700,1.0508477787805508
0.03028656361143965,0.302865636114396500,1.0526937265951946
0.03333333333333333,0.333333333333333300,1.0576433049311615
0.03447466065731498,0.344746606573149800,1.0594682990338873
0.0375,0.37500,1.0642225763397717
0.03924189758484536,0.392418975848453600,1.0669017016293691
0.041666666666666664,0.4166666666666666400,1.070555383327007
0.04466835921509635,0.446683592150963500,1.074948746655534
0.04583333333333333,0.458333333333333300,1.0766132087223816
0.05,0.500,1.0823694176715821
0.050845204686009365,0.5084520468600936500,1.083498021444424
0.05416666666666667,0.541666666666666700,1.0877994108558195
0.05787619883491209,0.578761988349120900,1.0923409258470134
0.058333333333333334,0.5833333333333333400,1.0928807407917458
0.0625,0.62500,1.097593192016478
0.06587945534419247,0.658794553441924700,1.1011319738283467
0.06666666666666667,0.666666666666666700,1.1019188269182933
0.07083333333333333,0.708333333333333300,1.10584199972877
0.07498942093324558,0.749894209332455800,1.1093409730878327
0.075,0.7500,1.1093493417422626
0.07916666666666666,0.791666666666666600,1.112429721182407
0.08333333333333333,0.833333333333333300,1.1150741813118314
0.08535913392913666,0.853591339291366600,1.1162002722743967
0.0875,0.87500,1.1172758604053545
0.09166666666666666,0.916666666666666600,1.1190298971071173
0.09583333333333333,0.958333333333333300,1.1203333244970906
0.09716279515771058,0.971627951577105800,1.1206541444531157
0.1,1.00,1.1211849559294935
0.10416666666666667,1.041666666666666700,1.1215852653994827
0.10579299869915113,1.057929986991511300,1.121619441869011
0.10833333333333334,1.083333333333333400,1.1215362648657672
0.11059869434355622,1.105986943435562200,1.121322240326824
0.1125,1.12500,1.1210413806227149
0.11666666666666667,1.166666666666666700,1.120105330489096
0.12083333333333333,1.208333333333333300,1.1187340032714947
0.125,1.2500,1.1169343416751414
0.12589254117941662,1.258925411794166200,1.1164938727052258
0.12916666666666665,1.291666666666666500,1.1147142295772963
0.13333333333333333,1.333333333333333300,1.1120823843502394
0.1375,1.37500,1.1090482547226088
0.14166666666666666,1.416666666666666600,1.1056219244982153
0.14330125702369628,1.433012570236962800,1.1041729575458676
0.14583333333333334,1.458333333333333400,1.1018140223089932
0.15,1.500,1.0976356374609444
0.15416666666666667,1.541666666666666700,1.0930982418364776
0.15833333333333333,1.583333333333333300,1.0882136177406563
0.1625,1.62500,1.0829937915201142
0.16311729092278396,1.631172909227839600,1.0821927082051612
0.16666666666666666,1.666666666666666600,1.0774509727391852
0.17083333333333334,1.708333333333333400,1.0715974986660124
0.175,1.7500,1.065445783799845
0.17916666666666667,1.791666666666666700,1.0590082741576834
0.18333333333333332,1.833333333333333200,1.0522974060322554
0.18567353246307092,1.856735324630709200,1.0484130233488316
0.1875,1.87500,1.0453255689325613
0.19166666666666665,1.916666666666666500,1.0381050724218528
0.19583333333333333,1.958333333333333300,1.030648116574761
0.2,2.00,1.0229667657846488
0.20416666666666666,2.041666666666666600,1.0150729256633713
0.20833333333333334,2.083333333333333400,1.0069783227879536
0.2113489039836652,2.11348903983665200,1.0010012683702827
0.2125,2.12500,0.9986944870617613
0.21666666666666667,2.166666666666666700,0.9902327364711752
0.22083333333333333,2.208333333333333300,0.9816041640323481
0.225,2.2500,0.9728196267360248
0.22916666666666666,2.291666666666666600,0.9638897363115173
0.23333333333333334,2.333333333333333400,0.9548248516436394
0.2375,2.37500,0.9456350726885737
0.24057472609339486,2.405747260933948600,0.9387792993074432
0.24166666666666667,2.416666666666666700,0.9363302357462502
0.24583333333333332,2.458333333333333200,0.9269199099578339
0.25,2.500,0.9174133949072516
0.25416666666666665,2.541666666666666500,0.9078197192154596
0.2583333333333333,2.58333333333333300,0.8981476400252232
0.2625,2.62500,0.8884056432827012
0.26666666666666666,2.666666666666666600,0.8786019447299812
0.2708333333333333,2.70833333333333300,0.868744491530078
0.27384196342643613,2.738419634264361300,0.8615976307446782
0.275,2.7500,0.8588409644526614
0.2791666666666667,2.79166666666666700,0.8488987805550422
0.2833333333333333,2.83333333333333300,0.8389250962987567
0.2875,2.87500,0.828926811047379
0.2916666666666667,2.91666666666666700,0.8189105708961147
0.29583333333333334,2.958333333333333400,0.8088827727882371
0.3,3.00,0.79884956887755
0.30416666666666664,3.041666666666666400,0.7888168710998755
0.30833333333333335,3.083333333333333500,0.7787903559200213
0.31170947235801283,3.117094723580128300,0.7706744209383751
0.3125,3.12500,0.7687754692239076
0.31666666666666665,3.166666666666666500,0.758777431328401
0.3208333333333333,3.20833333333333300,0.7488012420841259
0.325,3.2500,0.7388516860489336
0.32916666666666666,3.291666666666666600,0.7289333377119345
0.3333333333333333,3.33333333333333300,0.7190505667500726
0.3375,3.37500,0.7092075433010456
0.3416666666666667,3.41666666666666700,0.6994082432380868
0.3458333333333333,3.45833333333333300,0.6896564534336783
0.35,3.500,0.6799557770006641
0.3541666666666667,3.54166666666666700,0.670309638500532
0.354813389233576,3.5481338923357600,0.6688175295555289
0.35833333333333334,3.583333333333333400,0.660721289109789
0.3625,3.62500,0.6511938117364371
0.36666666666666664,3.666666666666666400,0.6417301260795053
0.37083333333333335,3.708333333333333500,0.632332993625503
0.375,3.7500,0.6230050225764252
0.37916666666666665,3.791666666666666500,0.6137486727046981
0.3833333333333333,3.83333333333333300,0.6045662601310938
0.3875,3.87500,0.5954599620222325
0.39166666666666666,3.916666666666666600,0.5864318212048644
0.3958333333333333,3.95833333333333300,0.5774837506945492
0.4,4.00,0.5686175381368572
0.403877816824327,4.0387781682432700,0.5604409736522432
0.4041666666666667,4.04166666666666700,0.5598348501595517
0.4083333333333333,4.08333333333333300,0.5511372366346176
0.4125,4.12500,0.542526134849259
0.4166666666666667,4.16666666666666700,0.5340028735853349
0.42083333333333334,4.208333333333333400,0.5255686771068594
0.425,4.2500,0.5172246690555877
0.42916666666666664,4.291666666666666400,0.5089718762546317
0.43333333333333335,4.333333333333333500,0.5008112324204751
0.4375,4.37500,0.4927435817837588
0.44166666666666665,4.416666666666666500,0.4847696826193559
0.4458333333333333,4.45833333333333300,0.47689021068635923
0.45,4.500,0.4691057625786886
0.45416666666666666,4.541666666666666600,0.4614168589870625
0.4583333333333333,4.58333333333333300,0.4538239478731337
0.4597269885308718,4.59726988530871800,0.4513057827498705
0.46249999999999997,4.624999999999999700,0.4463274075566094
0.4666666666666667,4.66666666666666700,0.4389275497161693
0.4708333333333333,4.70833333333333300,0.43162462230498955
0.475,4.7500,0.4244188123816458
0.4791666666666667,4.79166666666666700,0.41731024885711865
0.48333333333333334,4.833333333333333400,0.4102990051585685
0.4875,4.87500,0.40338510181043863
0.49166666666666664,4.916666666666666400,0.39656850893338874
0.49583333333333335,4.958333333333333500,0.3898491486613956
0.5,5.00,0.38322689747726213
0.5041666666666667,5.04166666666666700,0.3767015884666012
0.5083333333333333,5.08333333333333300,0.37027301349020564
0.5125,5.12500,0.3639409252745216
0.5166666666666666,5.16666666666666600,0.35770503941975273
0.5208333333333334,5.20833333333333400,0.3515650363248949
0.5232991146814947,5.23299114681494700,0.34797647758719463
0.525,5.2500,0.34552056302877826
0.5291666666666667,5.29166666666666700,0.3395712349659533
0.5333333333333333,5.33333333333333300,0.3337166376360042
0.5375,5.37500,0.3279563281846149
0.5416666666666666,5.41666666666666600,0.32228983689445867
0.5458333333333333,5.45833333333333300,0.3167166685837281
0.55,5.500,0.3112363039098737
0.5541666666666667,5.54166666666666700,0.3058482005759005
0.5583333333333333,5.58333333333333300,0.3005517944363678
0.5625,5.62500,0.2953465005000887
0.5666666666666667,5.66666666666666700,0.29023171382642
0.5708333333333333,5.70833333333333300,0.2852068103119886
0.575,5.7500,0.28027114736476816
0.5791666666666666,5.79166666666666600,0.27542406446256473
0.5833333333333334,5.83333333333333400,0.2706648835932544
0.5875,5.87500,0.26599290957454774
0.5916666666666667,5.91666666666666700,0.26140743025165747
0.5956621435290109,5.95662143529010900,0.25709090985840316
0.5958333333333333,5.95833333333333300,0.2569077165720436
0.6,6.00,0.2524930225374085
0.6041666666666666,6.04166666666666600,0.2481625850343708
0.6083333333333333,6.08333333333333300,0.24391562354673352
0.6125,6.12500,0.23975133975400573
0.6166666666666667,6.16666666666666700,0.235668917022852
0.6208333333333333,6.20833333333333300,0.23166751980038194
0.625,6.2500,0.22774629292068505
0.6291666666666667,6.29166666666666700,0.22390436083866108
0.6333333333333333,6.33333333333333300,0.22014082680800226
0.6375,6.37500,0.21645477202301902
0.6416666666666666,6.41666666666666600,0.21284525474682658
0.6458333333333334,6.45833333333333400,0.20931130945107954
0.65,6.500,0.20585194599483264
0.6541666666666667,6.54166666666666700,0.202466148872127
0.6583333333333333,6.58333333333333300,0.19915287655932729
0.6625,6.62500,0.19591106099401864
0.6666666666666666,6.66666666666666600,0.1927396072172058
0.6708333333333333,6.70833333333333300,0.18963739320957806
0.675,6.7500,0.1866032699506042
0.678031701715247,6.7803170171524700,0.18443774131271276
0.6791666666666667,6.79166666666666700,0.1836360617261763
0.6833333333333333,6.83333333333333300,0.18073456670642335
0.6875,6.87500,0.17789755781025224
0.6916666666666667,6.91666666666666700,0.17512378386719638
0.6958333333333333,6.95833333333333300,0.17241197108054335
0.7,7.00,0.16976082478856205
0.7041666666666666,7.04166666666666600,0.16716903151332788
0.7083333333333334,7.08333333333333400,0.16463526127937764
0.7125,7.12500,0.1621581701774953
0.7166666666666667,7.16666666666666700,0.15973640314270787
0.7208333333333333,7.20833333333333300,0.15736859691016397
0.725,7.2500,0.1550533831083681
0.7291666666666666,7.29166666666666600,0.1527893914462448
0.7333333333333333,7.33333333333333300,0.1505752529489065
0.7375,7.37500,0.14840960319677285
0.7416666666666667,7.41666666666666700,0.14629108552380365
0.7458333333333333,7.45833333333333300,0.14421835413294173
0.75,7.500,0.1421900770902875
0.7541666666666667,7.54166666666666700,0.1402049391637861
0.7583333333333333,7.58333333333333300,0.13826164447717992
0.7625,7.62500,0.1363589189552966
0.7666666666666666,7.66666666666666600,0.13449551254231837
0.7708333333333334,7.70833333333333400,0.13267020118021539
0.7717915155850144,7.71791515585014400,0.1322557069452713
0.775,7.7500,0.1308817885398364
0.7791666666666667,7.79166666666666700,0.12912910750217124
0.7833333333333333,7.83333333333333300,0.12741102139177252
0.7875,7.87500,0.12572642496831507
0.7916666666666666,7.91666666666666600,0.12407424518560378
0.7958333333333333,7.95833333333333300,0.12245344173009061
0.8,8.00,0.12086300735307207
0.8041666666666667,8.04166666666666700,0.11930196801228565
0.8083333333333333,8.08333333333333300,0.11776938283962032
0.8125,8.12500,0.11626434395217271
0.8166666666666667,8.16666666666666700,0.11478597612398987
0.8208333333333333,8.20833333333333300,0.1133334363355795
0.825,8.2500,0.11190591321773835
0.8291666666666666,8.29166666666666600,0.1105026264054674
0.8333333333333334,8.33333333333333400,0.10912282581684137
0.8375,8.37500,0.10776579087061232
0.8416666666666667,8.41666666666666700,0.10643082965523576
0.8458333333333333,8.45833333333333300,0.10511727806083436
0.85,8.500,0.10382449888446114
0.8541666666666666,8.54166666666666600,0.10255188091788615
0.8583333333333333,8.58333333333333300,0.10129883802603284
0.8624999999999999,8.62499999999999900,0.10006480822315339
0.8666666666666667,8.66666666666666700,0.09884925275285866
0.8708333333333333,8.70833333333333300,0.09765165517721405
0.875,8.7500,0.09647152047929032
0.8785166564072711,8.78516656407271100,0.09548872810212167
0.8791666666666667,8.79166666666666700,0.0953083741828106
0.8833333333333333,8.83333333333333300,0.09416176149185522
0.8875,8.87500,0.09303124645299776
0.8916666666666666,8.91666666666666600,0.09191641114169928
0.8958333333333334,8.95833333333333400,0.09081685487433903
0.9,9.00,0.08973219344684044
0.9041666666666667,9.04166666666666700,0.08866205840051392
0.9083333333333333,9.08333333333333300,0.08760609631542923
0.9125,9.12500,0.08656396813138409
0.9166666666666666,9.16666666666666600,0.08553534849631854
0.9208333333333333,9.20833333333333300,0.08451992514185101
0.9249999999999999,9.24999999999999900,0.08351739828546714
0.9291666666666667,9.29166666666666700,0.08252748005877399
0.9333333333333333,9.33333333333333300,0.08154989396114452
0.9375,9.37500,0.08058437433800279
0.9416666666666667,9.41666666666666700,0.07963066588295058
0.9458333333333333,9.45833333333333300,0.07868852316289722
0.95,9.500,0.07775771016533371
0.9541666666666666,9.54166666666666600,0.07683799986687752
0.9583333333333334,9.58333333333333400,0.07592917382220966
0.9625,9.62500,0.0750310217725375
0.9666666666666667,9.66666666666666700,0.07414334127271631
0.9708333333333333,9.70833333333333300,0.07326593733619112
0.975,9.7500,0.07239862209692947
0.9791666666666666,9.79166666666666600,0.07154121448754522
0.9833333333333333,9.83333333333333300,0.07069353993283777
0.9874999999999999,9.87499999999999900,0.06985543005799587
0.9916666666666667,9.91666666666666700,0.06902672241074753
0.9958333333333333,9.95833333333333300,0.06820726019676221
1.0,10.00,0.06739689202764385
